{"H": [[-0.0025131154950872817, -0.003293704398864392, 2.3399389909712673], [-0.002440178345937714, -0.00015132888967055597, 0.40739628710434533], [-0.0024468203209724424, -8.205366956446332e-05, 1.0]], "H_inv": [[15.397906998768804, -405.085093285349, 129.0], [-188.50307794298703, -419.52836442844966, 612.0], [0.02220854247561322, -1.025594279761341, 1.0]], "src_pts": [[129, 612], [646, 600], [648, 216], [153, 225]], "dst_pts": [[0.0, 0.0], [2.0, 2.0], [0.0, 2.0], [2.0, 0.0]]}